Arcade Console PCB,,,,
Name,Quantity,Price,Number,Link
XUNPU HDMI-001S,1,"$0,25",C720616,https://www.lcsc.com/product-image/C720616.html?whichImg=sch
RP2350A,1,"$1,30",C42411118,https://www.lcsc.com/product-detail/C42411118.html?s_z=n_q_t_rp2350&spm=wm.fly.bg.0.xh___wm.ssy.tc.0.tz&lcsc_vid=FgVeUAUAFVFaBlNQQ1cMUVEFRFkIVVYHRVlaV1NSR1UxVlNfR1JaUVJfT1hXUjsOAxUeFF5JWBYZEEoKFBINSQcJGk4eFQsCAgIaSgADAwAHC0slQFNeUVVQWQkaCgg%3D
JST 3 pin TXM12M...,1,"$0,10",C284155,https://www.lcsc.com/product-detail/C284155.html?s_z=n_q_12MHz%2520Crystal
onsemi NCP1117 3.3V DPO,1,"$0,25",C26537,https://www.lcsc.com/product-detail/C26537.html
Flash Memory W25Q128JVSIQ,1,"$2,60",C97521,https://www.lcsc.com/product-detail/C97521.html
Tactile Button,2,"$0,04",C53447020,https://www.lcsc.com/product-detail/C53447020.html?s_z=n_q_tactile%2520button&spm=wm.fly.bg.4.stp&lcsc_vid=FgVeUAUAFVFaBlNQQ1cMUVEFRFkIVVYHRVlaV1NSR1UxVlNfR1RcVVFTTlFfUzsOAxUeFF5JWBYZEEoKFBINSQcJGk4eFQsCAgIaSgADAwAHC0slTlZbVVVIHxUDCw%3D%3D
Type C,1,"$0,85",C5409177,https://www.lcsc.com/product-detail/C5409177.html?spm=wm.fly.bg.19.xh&lcsc_vid=FgVeUAUAFVFaBlNQQ1cMUVEFRFkIVVYHRVlaV1NSR1UxVlNfR1RcUlZVQ1hYUDsOAxUeFF5JWBYZEEoBGA4JCwFIFA4DSA%3D%3D
Pi Radio Module 2,1,"$5,00",,https://www.alibaba.com/product-detail/Raspberry-Pi-Original-Wireless-Module-Supports_1601564887233.html?spm=a2700.prosearch.normal_offer.d_image.30d667afvc4Xik&priceId=68c87ee1244e4adfaadf0a9f8264a51e
1v1 buck,1,"$0,40",C141836,https://www.lcsc.com/product-detail/C141836.html?s_z=n_q_TLV62569%2520&spm=wm.fly.bg.0.stp&lcsc_vid=FgVeUAUAFVFaBlNQQ1cMUVEFRFkIVVYHRVlaV1NSR1UxVlNfR1ZbXlBSQ1RfVzsOAxUeFF5JWBYZEEoKFBINSQcJGk4NBhADEA4cHktXR1NXSQwSGg0%3D
Green LED 0603,2,"$0,02",C7371905,https://www.lcsc.com/product-detail/C7371905.html?s_z=n_q_t_LED&spm=wm.fly.bg.5.xh___wm.ssy.tc.0.tz&lcsc_vid=TgALBFBUFAAKVF1VFFdXVVRXFVZbXgJUFlMMX1BSEVYxVlNfR1ZWVVVUTllWUjsOAxUeFF5JWBYZEEoKFBINSQcJGk4NBhADEA4cHktXRlVcSQwSGg0%3D
Header Pins,1,"$0,15",C2337,https://www.lcsc.com/product-detail/C2337.html?s_z=n_q_t_pin%2520header&spm=wm.fly.bg.0.xh___wm.ssy.tc.0.tz&lcsc_vid=TgALBFBUFAAKVF1VFFdXVVRXFVZbXgJUFlMMX1BSEVYxVlNfR1ZWVVdeR1lZVzsOAxUeFF5JWBYZEEoKFBINSQcJGk4dAgUUFAk%3D
SS34,1,"$0,03",C5380710,https://www.lcsc.com/product-detail/C5380710.html?s_z=n_q_t_SS34&spm=wm.fly.bg.13.xh___wm.ssy.tc.0.tz&lcsc_vid=TgALBFBUFAAKVF1VFFdXVVRXFVZbXgJUFlMMX1BSEVYxVlNfR1heUlBUR1lcVTsOAxUeFF5JWBYZEEoKFBINSQcJGk4eFQsCAgIaSgADAwAHC0slT1dZX0oOAwwC
,,,,
Capacitors,,,,
4.7uF 0603,3,"$0,10",C20539423,https://www.lcsc.com/product-detail/C20539423.html?s_z=n_q_t_CAPACITORS&spm=wm.fly.bg.0.xh___wm.ssy.tc.0.tz&lcsc_vid=EQJcUVwAE1dcBAEDFlIMU1FfFlZbUlQFEVgMBVUDQAAxVlNfR1ZWV11fQVlZUTsOAxUeFF5JWBYZEEoKFBINSQcJGk4NBhADEA4cHktQQ1RADxALGw%3D%3D
100nF 0603,12,"$0,12",C1590,https://www.lcsc.com/product-detail/C1590.html?s_z=n_q_t_CAPACITORS&spm=wm.fly.bg.0.xh___wm.ssy.tc.0.tz&lcsc_vid=EQJcUVwAE1dcBAEDFlIMU1FfFlZbUlQFEVgMBVUDQAAxVlNfR1ZWV11fQVlZUTsOAxUeFF5JWBYZEEoKFBINSQcJGk4NBhADEA4cHktQQ1RADxALGw%3D%3D
10uF 0805,2,"$0,12",C15850,https://www.lcsc.com/product-detail/C15850.html?s_z=n_q_t_CAPACITORS&spm=wm.fly.bg.0.xh___wm.ssy.tc.0.tz&lcsc_vid=EQJcUVwAE1dcBAEDFlIMU1FfFlZbUlQFEVgMBVUDQAAxVlNfR1ZWV11fQVlZUTsOAxUeFF5JWBYZEEoKFBINSQcJGk4NBhADEA4cHktQQ1RADxALGw%3D%3D
15pF 0402,2,"$0,04",C441742,https://www.lcsc.com/product-detail/C441742.html?s_z=n_q_t_CAPACITORS&spm=wm.fly.bg.2.xh___wm.ssy.tc.0.tz&lcsc_vid=EQJcUVwAE1dcBAEDFlIMU1FfFlZbUlQFEVgMBVUDQAAxVlNfR1ZWV11fQVlZUTsOAxUeFF5JWBYZEEoKFBINSQcJGk4NBhADEA4cHktQQ1RADxALGw%3D%3D
,,,,
Inductor,,,,
3.3uH 0806,1,"$0,30",C42411119,https://www.lcsc.com/product-detail/C42411119.html
2.2uH,1,"$0,10",C7427146,https://www.lcsc.com/product-detail/C7427146.html?spm=wm.fly.bg.0.xh&lcsc_vid=TgALBFBUFAAKVF1VFFdXVVRXFVZbXgJUFlMMX1BSEVYxVlNfR1ZWUlFQQ1VXVzsOAxUeFF5JWBYZEEoBGA4JCwFIFA4DSA%3D%3D
,,,,
Resistors,,,,
27 ohm 0603,2,"$0,00",C2907021,https://www.lcsc.com/product-detail/C2907021.html?spm=wm.fly.bg.1.xh&lcsc_vid=FlBbVl0AElVXAQAEQFgNUQZTEQNeV1JSRVMKUVVfFFAxVlNfR1ldVlxfQVBeUTsOAxUeFF5JWBYZEEoKFBINSQcJGk4NBhADEA4cHktTR1BADxALGw%3D%3D
33 ohm 0603,1,"$0,00",C2909394,https://www.lcsc.com/product-detail/C2909394.html?spm=wm.fly.bg.0.xh&lcsc_vid=FlBbVl0AElVXAQAEQFgNUQZTEQNeV1JSRVMKUVVfFFAxVlNfR1ldVlxfQVBeUTsOAxUeFF5JWBYZEEoKFBINSQcJGk4NBhADEA4cHktTR1BADxALGw%3D%3D
5.1K 0603,2,"$0,00",C2907044,https://www.lcsc.com/product-detail/C2907044.html?spm=wm.fly.bg.0.xh&lcsc_vid=FlBbVl0AElVXAQAEQFgNUQZTEQNeV1JSRVMKUVVfFFAxVlNfR1ldVlxfQVBeUTsOAxUeFF5JWBYZEEoKFBINSQcJGk4NBhADEA4cHktTR1BADxALGw%3D%3D
270R 0603,9,"$0,02",C22966,https://www.lcsc.com/product-detail/C22966.html?spm=wm.fly.bg.0.xh&lcsc_vid=FlBbVl0AElVXAQAEQFgNUQZTEQNeV1JSRVMKUVVfFFAxVlNfR1ldVlxfQVBeUTsOAxUeFF5JWBYZEEoKFBINSQcJGk4NBhADEA4cHktTR1BADxALGw%3D%3D
1K 0603,3,"$0,01",C22548,https://www.lcsc.com/product-detail/C22548.html?spm=wm.fly.bg.0.stp&lcsc_vid=FlBbVl0AElVXAQAEQFgNUQZTEQNeV1JSRVMKUVVfFFAxVlNfR1ldVlxfQVBeUTsOAxUeFF5JWBYZEEoKFBINSQcJGk4NBhADEA4cHktTR1BADxALGw%3D%3D
10K 0603,2,"$0,01",C98220,https://www.lcsc.com/product-detail/C98220.html?spm=wm.fly.bg.0.xh&lcsc_vid=FlBbVl0AElVXAQAEQFgNUQZTEQNeV1JSRVMKUVVfFFAxVlNfR1ldVlxfQVBeUTsOAxUeFF5JWBYZEEoKFBINSQcJGk4NBhADEA4cHktTR1BADxALGw%3D%3D
100R 0603,2,"$0,00",C2906981,https://www.lcsc.com/product-detail/C2906981.html?spm=wm.fly.bg.0.xh&lcsc_vid=FlBbVl0AElVXAQAEQFgNUQZTEQNeV1JSRVMKUVVfFFAxVlNfR1ldVlxfQVBeUTsOAxUeFF5JWBYZEEoKFBINSQcJGk4NBhADEA4cHktTR1BADxALGw%3D%3D
470R 0603,2,"$0,01",C23179,https://www.lcsc.com/product-detail/C23179.html?spm=wm.fly.bg.0.xh&lcsc_vid=FlBbVl0AElVXAQAEQFgNUQZTEQNeV1JSRVMKUVVfFFAxVlNfR1ldVlxfQVBeUTsOAxUeFF5JWBYZEEoKFBINSQcJGk4NBhADEA4cHktTR1BADxALGw%3D%3D
120K 0603,1,"$0,00",C25808,https://www.lcsc.com/product-detail/C25808.html?spm=wm.fly.bg.0.xh&lcsc_vid=FlBbVl0AElVXAQAEQFgNUQZTEQNeV1JSRVMKUVVfFFAxVlNfR1ldVlxfQVBeUTsOAxUeFF5JWBYZEEoKFBINSQcJGk4NBhADEA4cHktTR1BADxALGw%3D%3D
100K 0603,1,"$0,00",C14675,https://www.lcsc.com/product-detail/C14675.html?spm=wm.fly.bg.0.xh&lcsc_vid=FlBbVl0AElVXAQAEQFgNUQZTEQNeV1JSRVMKUVVfFFAxVlNfR1ldVlxfQVBeUTsOAxUeFF5JWBYZEEoKFBINSQcJGk4NBhADEA4cHktTR1BADxALGw%3D%3D