ARCADE,,,
Name,Quantity,Price,Link
Push Button,4,"$4,24",https://aliexpress.ru/item/1005008849653398.html?gatewayAdapt=glo2rus&sku_id=12000046936327681
Turn-ON Button,1,"$1,30",https://www.lcsc.com/product-detail/C48677982.html?s_z=n_q_t_BUTTON
"4,7k resistor ",2,"$0,01",https://www.lcsc.com/product-detail/C99782.html?s_z=n_q_t_resistor%2520
100nf capacitor,2,"$0,02",https://www.lcsc.com/product-detail/C14663.html?s_z=n_q_t_%2520Capacitors
10uf capacitor,1,"$0,04",https://www.lcsc.com/product-detail/C19702.html?s_z=n_q_t_%2520Capacitors
220 om resistor,5,"$0,01",https://www.lcsc.com/product-detail/C22962.html?s_z=n_q_t_resistor
1k resistor ,3,"$0,01",https://www.lcsc.com/product-detail/C22548.html?s_z=n_q_t_resistor
100 resistor,1,"$0,01",https://www.lcsc.com/product-detail/C2906981.html?s_z=n_q_t_resistor
"1,2k resistor",1,"$0,01",https://www.lcsc.com/product-detail/C114605.html?s_z=n_q_t_resistor
"pin header 2,54mm",1,,https://www.lcsc.com/product-detail/C2691448.html?s_z=n_q_t_pin%2520header%25202.54mm
Tp4056,1,"$0,09",https://www.lcsc.com/product-detail/C725790.html?s_z=n_q_tp4056
fs8205A,1,"$0,06",https://www.lcsc.com/product-detail/C2830320.html?s_z=s_p_FS8205A
dw01A,1,"$0,03",https://www.lcsc.com/product-detail/C351410.html?s_z=s_p_DW01A
Type C,1,"$0,90",https://www.lcsc.com/product-detail/C5409177.html?s_z=s_p_10155435-00011LF
Microswitch(joystick),4,"$2,00",https://www.alibaba.com/product-detail/Factory-High-quality-Micro-Switches-for_1601206239153.html?spm=a2700.prosearch.normal_offer.d_image.18b067af6BB96F&priceId=5074905b5c4c497b85c763c8e1880c6c
ESP32-Supermini,1,"$1,75",https://aliexpress.ru/item/1005006685958843.html?sku_id=12000038011863174&spm=a2g2w.productlist.search_results.0.31a353fcoX6k14